,医药生物,电子,银行,食品饮料,计算机,房地产,传媒,家用电器,电气设备,汽车
2019-01-02,29132.632573,22608.110594,60844.691081,21583.108767,14082.652497,18176.408759,12265.042079,9545.898323,13890.761963,14710.42748
2019-01-03,28593.876939,22217.800704,61222.620564,21162.991316,13997.998355,18153.907903,12183.819025,9450.63545,13870.499235,14562.52294
2019-01-04,29334.935194,22656.019647,62278.121569,21551.245858,14541.884477,18619.368891,12520.912617,9665.835895,14294.015752,14780.328334
2019-01-07,29516.362523,23262.524288,62072.303323,21732.811445,14922.458607,18772.112562,12733.562913,9727.417394,14698.885972,14967.825621
2019-01-08,29457.737065,23333.138785,61662.203395,21662.315644,14842.511891,18678.741342,12710.179068,9746.29003,14724.465753,14929.829695
2019-01-09,29710.331675,23561.825621,62174.780062,22014.047333,14871.717138,18784.567761,12740.597175,9915.619172,14656.025975,15211.485132
2019-01-10,29550.64231,23552.50076,62280.040957,21964.987253,14822.669204,18634.491307,12716.400477,9902.580995,14824.679165,15059.765004
2019-01-11,29600.940062,23773.620754,62701.879535,22364.617527,14958.010288,18764.479746,12785.964663,9912.77732,14861.479181,15183.423723
2019-01-14,29164.967389,23476.708159,62243.539044,22070.836929,14768.626984,18625.869144,12665.4315,9857.283589,14771.636535,15084.571285
2019-01-15,29745.127993,23908.66142,62779.145576,23209.551888,15077.401167,18778.111831,12779.520777,10117.720378,15024.241361,15198.917241
2019-01-16,30067.536787,23709.639564,62838.146858,23165.853974,15157.276757,18833.226108,12824.2582,10136.229671,14936.469658,15240.476035
2019-01-17,29885.309739,23361.039244,62721.577011,23122.594776,14910.962617,18751.516212,12755.302248,10050.632769,14806.393841,15077.046921
2019-01-18,30554.535418,23615.70826,63869.827669,23638.722363,14987.997039,18945.138204,12774.146043,10213.724199,14870.944666,15188.673988
2019-01-21,30743.30678,23846.540141,64070.54073,23938.960851,15071.353427,18889.8447,12795.727772,10286.853952,14942.266604,15364.721283
2019-01-22,30372.941158,23588.265246,63578.509472,23526.059854,14848.396482,18812.228267,12631.985268,10137.820589,14773.121612,15182.741735
2019-01-23,30276.581499,23523.701709,64004.40748,23460.769759,14832.944653,18791.088743,12630.330063,10175.325718,14845.175563,15290.302048
2019-01-24,30376.438661,23847.060244,64440.136615,23646.919287,15037.093106,18795.46929,12725.683293,10261.847656,14903.62715,15332.491345
2019-01-25,30271.030438,23922.220852,65356.552994,23767.677094,14907.658299,18928.777358,12673.686883,10350.42878,14875.920733,15425.608374
2019-01-28,29902.084682,23903.718937,65263.015412,23807.597428,14883.161944,18869.692464,12567.681997,10342.859177,14910.882549,15315.705917
2019-01-29,29724.1046,23401.207783,65670.174679,23961.677055,14670.455742,19024.275787,12286.095072,10427.257407,14693.87835,15151.854782
2019-01-30,29463.946541,23150.422364,65503.259482,23591.903936,14390.137444,19094.386682,12010.058521,10284.365104,14747.444134,14961.139354
2019-01-31,29355.39178,23146.631877,66586.782602,23828.679749,14183.570473,19070.793576,11853.127922,10439.369725,14351.801498,15292.096935
2019-02-01,30339.888297,24028.362345,66616.00648,24291.747089,14669.987526,19278.795922,12193.098703,10603.994729,14812.285929,15587.948043
2019-02-11,31143.298511,24941.232042,66531.008459,25274.871297,15244.026625,19565.124113,12501.474751,10915.884605,15169.842654,15905.393896
2019-02-12,31914.429523,25457.219437,66648.891977,25235.933998,15363.297988,19664.409521,12625.638067,11012.687502,15271.044011,16110.751997
2019-02-13,32368.859623,26513.933209,67486.320339,25651.390462,15787.462616,19980.59015,12821.306282,11158.412004,15446.523495,16473.366108
2019-02-14,32591.295938,26741.338358,66985.104488,26012.755504,15813.889477,20024.669505,12928.729239,11263.875815,15677.344505,16492.091748
2019-02-15,32339.780714,26684.635158,65702.198932,25556.924111,15753.366356,19640.190566,12832.040243,10930.914145,15553.329002,16121.732685
2019-02-18,33528.757388,27980.253282,66847.425992,26290.893818,16413.761274,20175.538485,13263.029227,11250.299969,16066.088797,16673.092692
2019-02-19,33346.214707,28057.882541,66689.833098,26013.793398,16591.894746,20204.860651,13283.037207,11246.528319,15998.685529,16729.241281
2019-02-20,33098.035652,28102.239831,66772.026415,25814.177074,16444.252107,20464.849694,13306.289468,11265.365241,16059.074689,16870.39775
2019-02-21,32973.007073,28076.757523,66504.986289,25694.388728,16406.275694,20248.152286,13384.061962,11186.862981,16009.011293,16936.873225
2019-02-22,33412.58619,28997.875938,67108.415195,25864.576287,17060.330457,20543.682452,13794.514276,11222.369021,16328.185033,17168.223867
2019-02-25,34871.141006,30704.646021,71438.217543,26673.215666,18319.894824,21666.079874,14572.700854,11826.888222,17117.743585,17889.860837
2019-02-26,35158.434671,30262.629886,69879.032861,26187.156383,18917.369081,21656.94784,14628.901904,11606.392767,16873.108503,17744.393905
2019-02-27,34853.554345,29521.627481,70858.886191,26544.607733,18736.879136,21920.099323,14619.374401,11584.497656,16557.136597,17644.426514
2019-02-28,35764.529344,29663.734276,70480.30811,26870.980053,18719.288417,21818.071883,14599.269266,11604.130926,16638.282206,17739.024083
2019-03-01,35902.920792,29902.548016,72271.712906,27774.311451,18864.381177,21959.997151,14699.703505,11813.387954,16830.651739,17871.856344
2019-03-04,36571.802054,30567.989189,72641.220413,27975.356769,19388.697805,22613.142867,14973.678829,12094.639264,17114.975145,18016.372487
2019-03-05,37012.832195,31625.001471,72253.075933,27958.350749,20288.111079,23178.702808,15448.57133,12339.397786,17452.085425,18198.65054
2019-03-06,37306.558708,32121.89603,72599.613864,27746.981048,20862.964019,23299.355947,15787.704844,12458.668666,17646.242588,18487.12808
2019-03-07,37195.948215,32132.607601,71680.043725,27170.358355,21602.09356,23096.997813,15996.961259,12260.831579,17672.409305,18441.697631
2019-03-08,36141.928048,31556.684775,69561.23189,26558.068117,21190.083668,21935.072022,15198.676964,11785.996643,16929.362802,17665.914376
2019-03-11,37589.766405,32771.028619,69888.325537,27382.798718,21949.534664,22461.630598,15949.911915,12079.977364,18121.892236,18176.610271
2019-03-12,37891.181245,33318.967034,70203.207328,27264.787597,22690.779615,22741.897105,16660.386711,12034.161901,18568.667096,18385.427015
2019-03-13,37601.354689,31966.878428,69905.573111,27273.379979,21409.261895,23175.846048,16193.515568,11947.833561,18192.970634,17979.59771
2019-03-14,37003.136829,31136.771525,69751.750757,27629.692135,20499.763215,22679.086456,15537.054251,11891.087291,17666.62388,17734.228571
2019-03-15,37629.086595,31402.749859,69934.018781,27995.712813,20460.489374,23345.288459,15611.751038,12282.542637,17875.314557,17947.693093
2019-03-18,39078.451599,32025.693943,71073.133095,29619.348883,20934.932573,24083.244964,15953.347449,12586.425268,18074.355069,18335.920015
2019-03-19,38878.279756,32164.923462,70785.112173,29165.01009,21303.317998,23975.801709,16105.16725,12529.516865,18136.945328,18368.754433
2019-03-20,38810.923363,31701.488231,70775.956752,29232.189554,21224.796334,24149.640916,16106.613437,12415.371361,18020.014131,18333.831272
2019-03-21,39005.345972,32069.887904,70388.109279,29039.630187,21703.147065,24232.932611,16536.634513,12397.172032,18144.287081,18396.279313
2019-03-22,39317.304134,32196.730245,70277.442713,29314.06535,21639.551521,24362.820185,16414.123344,12455.824696,18053.053344,18589.766609
2019-03-25,38611.321508,31744.081663,68610.95992,28586.324856,21489.919924,23886.663001,15930.694785,12261.346938,17949.380624,18303.203752
2019-03-26,37834.368824,30850.946173,68475.119881,28656.09831,21131.886149,23441.961014,15399.979463,12086.054701,17540.907383,17891.537688
2019-03-27,38922.491791,31026.116409,69077.636256,29501.684671,20970.286521,23692.791116,15352.620632,12330.519268,17568.064648,17923.369083
2019-03-28,38039.690518,30833.087987,68572.773822,29868.804804,20761.709026,23240.399497,15062.866406,12241.901236,17425.06864,17655.816382
2019-03-29,39720.763837,31757.51799,70397.35934,31254.186854,21545.090337,24384.351164,15533.675535,12620.331965,17753.040788,18158.403014
2019-04-01,40697.993462,33033.137799,71497.564198,31652.140199,22690.789177,25192.815919,16224.06736,13200.047448,18385.408738,18727.728753
2019-04-02,40510.254584,33093.454539,72086.968693,31283.723572,22957.950525,25318.949043,16322.957383,13076.514778,18395.721782,18885.949209
2019-04-03,40744.991571,33237.476321,72739.062935,31212.685011,23150.526874,25706.560215,16525.797342,13160.415477,18297.324737,19247.868786
2019-04-04,40813.323694,33083.90398,73937.521675,31913.496516,23067.889808,25771.288523,16500.049107,13245.004203,18338.434719,19616.90306
2019-04-08,40641.687182,32311.093348,74219.247632,32309.831287,22547.408225,25563.49669,16222.841839,13224.080703,18110.368799,19485.27576
2019-04-09,41199.456412,32555.955478,73521.13773,32887.227664,22583.538623,26228.65527,16438.757679,13645.581547,18295.530414,19713.970269
2019-04-10,41845.807472,32302.208721,73265.472037,33546.681354,22275.156326,25979.659218,16283.355291,13933.198662,18242.025155,20182.992289
2019-04-11,40690.045131,31598.0972,72766.081584,32304.175887,21777.182085,25513.251359,15992.038076,13449.145592,18120.516606,20089.852937
2019-04-12,40205.202499,31667.916291,72790.795117,32145.937501,21861.600546,25327.316512,16089.167988,13284.581243,18191.895951,19964.946937
2019-04-15,39696.8585,31481.2485,73302.3229,31887.922,21602.9869,25163.8316,15864.8302,13401.2488,18081.8513,19636.487
2019-04-16,40373.804565,32527.926707,75936.300513,32571.831276,22189.111283,25554.710893,16146.530796,13720.974442,18354.188559,19896.382093
2019-04-17,40535.651874,33206.229307,75725.412528,32865.929541,22086.989106,25290.948277,16253.179189,13720.48158,17981.66023,20882.040596
2019-04-18,40217.80541,33340.413389,75055.417854,32886.653663,21857.858272,25021.082903,16232.976321,13885.884557,18460.75432,20531.362462
2019-04-19,40461.818487,33179.713745,75540.714711,32977.764675,22131.166217,25213.349233,16363.778835,14415.055027,18609.176248,20775.800082
2019-04-22,39995.898074,32828.861466,73612.540303,32746.716199,21724.756939,24315.395306,16133.29149,13845.961284,18383.113702,20238.018717
2019-04-23,39784.135312,32846.350369,73622.916652,33449.558982,21204.194551,24413.651902,16000.282522,13149.937678,17828.710936,19839.536777
2019-04-24,39975.949168,33428.595362,73673.570536,33350.988447,22105.004473,24365.033946,15722.025331,13119.129141,18085.42634,20056.463559
2019-04-25,39193.220678,32214.359582,72897.2016,32706.829097,21128.188904,23721.439157,15076.16677,12667.243629,17600.79827,19206.210511
2019-04-26,38727.868455,31822.980602,72111.179575,32672.12985,21155.263041,23457.083939,14905.850308,12410.831116,17277.727318,18746.438933
2019-04-29,38780.602338,30788.228006,73020.932958,33150.171033,20416.3716,23253.566214,14422.090285,12531.698121,16791.868101,18305.998651
2019-04-30,38893.274744,30926.913514,73199.439669,33331.926674,20433.975505,23465.322738,14552.030839,12553.444629,16881.864599,18540.763827
2019-05-06,36485.20415,28363.272948,71425.280523,31193.718785,18618.600664,21880.197298,13485.97757,11719.365467,15697.385964,17149.469567
2019-05-07,37237.962638,28727.988845,71290.803804,31832.168446,18816.64699,22278.086093,13652.140379,12032.034496,15878.202475,17418.162401
2019-05-08,37058.196458,28596.645871,69897.557277,31594.514254,18996.489775,22096.581241,13618.554776,11900.327669,15758.53547,17355.600632
2019-05-09,36101.571397,28322.548389,68798.488014,30374.750663,18922.164162,21687.076988,13523.854256,11799.809522,15661.689604,17162.646054
2019-05-10,37275.76214,29528.239764,70177.331593,32000.4912,19936.856701,22418.671318,13961.625576,12190.04875,16139.149533,17736.537395
2019-05-13,37121.595314,28700.391949,69179.768122,31982.63296,19693.357342,22344.047008,13712.084862,12040.693424,15895.60073,17370.245287
2019-05-14,36741.580774,28555.662257,68912.056555,31685.255922,19592.105154,22109.214967,13647.979898,11959.976173,16412.023031,17242.188522
2019-05-15,37615.904115,29065.443294,69879.380265,33376.317543,19805.876766,22478.901706,13890.165052,12236.428848,16919.386532,17587.59137
2019-05-16,38145.197251,28783.681725,70033.507626,33612.604716,19857.35882,22638.972869,13913.26495,12300.06073,17044.288526,17728.060543
2019-05-17,37116.478988,28001.571719,69274.972348,32776.244381,19130.84944,21898.197721,13351.176836,12058.12817,16412.279602,17069.7501
2019-05-20,36569.000804,27885.847593,69627.791372,32020.383124,19461.352961,21741.966778,13299.847505,11989.792461,16266.116819,16758.709887
2019-05-21,37177.693541,28524.291418,70015.631082,32288.060919,19761.923679,22023.145845,13482.540433,12189.302494,16503.983117,16990.36852
2019-05-22,36976.396268,28484.098611,69899.834702,32053.289193,20065.882052,21878.298841,13421.700741,12174.512401,16436.765692,16805.897343
2019-05-23,36119.000144,27638.547712,69611.14792,31100.063753,19430.91445,21527.325036,13053.129646,11875.153368,16112.722929,16288.797733
2019-05-24,35978.833633,27220.213366,70027.056947,31512.799694,19082.057477,21510.013845,13008.473259,11881.708747,16057.464199,16432.55094
2019-05-27,36625.784023,28231.185317,70118.118391,31709.392494,19947.278416,21796.553133,13389.904504,11846.487543,16469.811,16660.545931
2019-05-28,36807.956493,28303.791604,70487.874112,32131.064016,19990.399255,22018.472475,13418.832578,11970.355129,16563.884607,16977.580632
2019-05-29,36606.545292,28525.628263,70040.835693,32424.851158,19930.968451,21813.070533,13381.856668,11896.582938,16504.79157,16883.531566
2019-05-30,36229.726627,28451.149374,70216.775465,32349.143198,19571.399225,21547.825096,14040.057897,11707.630624,16357.053383,16040.363933
2019-05-31,36359.483058,28513.476797,69879.486734,32019.043818,19576.529897,21674.02322,14038.68056,11675.903979,16482.049475,15958.831998
2019-06-03,35998.962447,28380.831996,69999.188604,31998.309634,19278.873714,21458.559287,13799.00914,11676.375198,16136.187944,15903.340144
2019-06-04,35410.557656,27944.0093,70022.530492,31367.392213,18927.993705,21275.466926,13690.519958,11503.859893,15931.770156,15795.433238
2019-06-05,34667.132193,28001.60945,70303.993076,31362.044876,18971.048392,21392.334946,13771.009793,11546.365615,15944.73465,15747.182122
2019-06-06,33975.375516,27143.82888,70168.942141,30932.813891,18472.522866,21238.729653,13407.848361,11423.937808,15562.076606,15576.629567
2019-06-10,34294.042096,27556.899564,70933.183893,31557.660935,18705.130872,21520.948109,13495.369167,11570.371187,15802.130719,15775.524542
2019-06-11,35415.64607,28564.956189,71539.976264,33048.695122,19472.247436,22106.482088,14002.176549,11902.864354,16256.909625,16210.66853
2019-06-12,35247.788524,28381.922112,71323.019546,32728.328479,19310.806678,21927.657545,13913.01557,11790.614779,16134.733539,16033.212632
2019-06-13,35395.692582,28321.141002,71127.793851,32707.043695,19554.328036,21857.326808,14103.665733,11675.003017,16291.888094,16035.792644
2019-06-14,35059.236818,27600.536384,71007.642588,32506.93668,19056.14388,21702.152802,13759.993284,11576.780195,16032.181602,15716.032468
2019-06-17,35277.474981,27440.194663,71229.108722,32371.572957,19025.568304,21656.569166,13857.287242,11538.246461,15930.317473,15711.414621
2019-06-18,35468.271682,27375.652961,71583.461521,32449.488033,19189.590375,21543.997854,13928.800509,11567.423335,15895.439285,15647.632488
2019-06-19,35916.823231,28213.70317,71478.903153,32879.655295,19494.849415,21675.475408,14147.481458,11536.064836,16096.144887,15859.711584
2019-06-20,36539.304564,28650.795158,72852.232303,34169.35334,19903.345153,22081.359252,14355.243161,11851.66643,16330.549547,16125.886384
2019-06-21,36850.652513,29193.166083,72382.062445,34228.712642,19905.023928,22140.541944,14660.198828,11970.014546,16562.902493,16359.467168
2019-06-24,36877.154287,28920.931812,72588.50119,34623.771961,19912.852195,22132.747617,14601.108872,12040.26986,16652.335303,16391.344668
2019-06-25,36573.212673,28587.25302,71440.34299,34589.865483,19614.601898,22066.759269,14421.726492,11935.078713,16493.085255,16140.054915
2019-06-26,37115.198352,28878.353796,71154.936686,34624.498074,19539.11237,21938.150715,14412.225064,11975.193772,16515.400449,16165.362984
2019-06-27,37487.688133,29656.532713,71716.919491,35285.587495,19710.088449,22031.419879,14426.940435,12010.333665,16600.192003,16224.892881
2019-06-28,37181.883867,29311.36695,71431.568636,35185.374979,19329.071414,21899.252211,14162.328689,12025.133184,16334.364768,16107.173347
2019-07-01,38260.710273,31147.291165,72170.147798,36786.060114,20235.738265,22408.127582,14582.920477,12562.028164,16775.955356,16490.099775
2019-07-02,38448.607182,30870.808533,72262.903627,36864.651802,20070.77925,22513.814363,14553.764002,12670.075009,16744.68328,16791.032173
2019-07-03,38387.484148,30431.936187,71129.142747,36012.203311,19680.792369,22670.099976,14586.095214,12521.115693,16648.498524,16734.561818
2019-07-04,37919.498906,30144.514544,71383.458978,35413.953747,19604.402701,22805.947721,14472.201193,12491.887258,16603.39202,16735.867832
2019-07-05,38369.83545,30352.178887,71180.562799,36201.1495,19744.074458,22546.594655,14482.720356,12630.757857,16606.596942,16771.034698
2019-07-08,38227.424546,29131.533679,69938.152693,35511.197236,18949.731044,22131.065358,14969.448098,12150.898536,15715.530263,16330.679863
2019-07-09,38270.058357,29149.685521,69622.88426,35453.462268,18956.822821,22027.828991,14992.478293,12062.991058,15753.826335,16531.47347
2019-07-10,38260.721932,29280.345824,69299.814592,35522.900437,18860.85927,21811.537606,14851.677251,12069.564237,15361.645822,16266.622417
2019-07-11,38401.895492,29170.30126,69455.923051,35330.710557,18714.993857,21681.303984,14830.54705,12088.436273,15258.813971,16222.370802
2019-07-12,38563.570574,29166.753521,69929.462822,35627.414007,18737.683461,21827.161575,14873.832416,12153.453713,15461.004546,16052.868528
2019-07-15,38687.479358,29555.640222,69763.197623,35383.322697,19344.10679,21860.485057,15093.009545,12104.953437,15551.647125,16205.885981
2019-07-16,38577.019773,29744.669066,69684.88836,34943.126057,19320.366345,22035.674304,15141.509011,11924.960493,15548.309044,16158.001467
2019-07-17,38424.987253,30059.327914,69357.22268,34812.692563,19315.094012,22179.215127,15124.426468,11817.953326,15558.845162,16233.410543
2019-07-18,37830.277057,29334.710193,69237.378119,34297.571857,18874.317138,22189.712507,14886.194208,11719.814373,15346.826581,15916.217649
2019-07-19,37872.204,29389.750083,69915.367112,34560.516505,18991.220106,22663.960297,14992.14225,11720.681081,15455.791179,16025.312833
2019-07-22,37355.935966,29100.418389,69776.340059,34509.791801,18560.951636,22446.864975,14600.346838,11644.259665,15228.029984,15707.556056
2019-07-23,37647.211603,29757.718483,69966.728653,34195.518478,18914.674533,22213.294951,14751.239421,11738.383336,15480.102966,15912.476985
2019-07-24,37949.343468,30512.414246,70283.292945,34124.498197,19255.088252,22245.354691,14871.035531,11817.052968,15649.935821,16152.081397
2019-07-25,38089.048003,31275.183005,70926.930617,34568.174767,19421.982629,22317.997464,14980.087367,11858.613963,15705.784133,16125.728239
2019-07-26,38323.91307,31291.184436,70898.166464,34573.969572,19358.225393,22328.442272,14945.217366,11879.623713,15763.861645,16143.394429
2019-07-29,38077.674161,31634.293371,70779.130118,34896.125109,19314.187663,22204.306955,14905.726368,11843.82626,15770.524045,16101.378508
2019-07-30,38311.814454,31359.042687,71056.91142,34807.165604,19386.161945,22313.545105,15173.941286,11984.603372,15813.110959,16244.365592
2019-07-31,38099.842534,31464.799785,70659.380284,34343.295504,19303.348455,21794.521356,15048.77192,11921.521621,15721.151678,16113.257194
2019-08-01,37789.715293,31416.249702,70115.366263,33870.144523,19251.19261,21462.157191,15020.522131,11736.021661,15642.97413,16004.596353
2019-08-02,37466.489063,30668.652936,69334.405377,33626.472383,18957.671724,21136.77733,14818.147155,11535.523437,15431.775689,15704.303013
2019-08-05,36791.943423,30170.427203,68163.911806,33072.552907,18745.786003,20674.940338,14536.69176,11346.712154,15214.216169,15390.242344
2019-08-06,36338.679136,29722.478548,67357.139715,33137.019867,18252.711393,20382.179281,14210.633986,11127.125042,14852.611401,15043.076824
2019-08-07,36537.579741,29386.715252,67098.00217,32993.50593,18012.197452,20448.950681,14085.715354,11058.236434,14819.710813,14983.786307
2019-08-08,37092.651091,29916.789035,68033.374454,33601.085112,18167.875218,20413.605677,14211.429638,11165.396595,14882.393607,15210.800996
2019-08-09,37016.386354,29554.06214,68420.366425,33207.361347,17908.937448,20105.948709,14073.545303,11023.022934,14712.538049,15105.50959
2019-08-12,37511.006795,30981.075565,69081.040605,34343.870798,18395.390771,20418.768688,14322.453074,11103.744878,15010.386179,15259.522351
2019-08-13,37568.850171,30938.063603,68532.13458,34256.486822,18176.229857,20226.27648,14196.919594,11039.492414,14917.155884,15065.149406
2019-08-14,38130.532219,31190.71937,68455.726323,34886.21064,18307.981137,20219.566515,14283.677016,11065.741964,14968.897371,15191.532624
2019-08-15,38464.772743,31843.456828,68461.891471,34870.436545,18641.25692,20233.929104,14369.154513,11016.527066,15068.301573,15265.965549
2019-08-16,38787.568901,32057.118172,68258.565639,35373.46261,18813.867082,20216.911795,14491.176974,11041.717507,15013.563671,15282.082575
2019-08-19,39604.611573,33480.862562,68494.949207,35670.915599,19740.128403,20858.190937,15021.176927,11329.587244,15489.856,15603.666078
2019-08-20,39673.129808,33464.812136,68238.66265,35984.376841,19703.812812,20941.867764,15107.613699,11337.614254,15466.403663,15542.111401
2019-08-21,39428.972614,33875.490788,68097.654755,35733.420176,19711.949148,21030.279924,15062.263278,11439.889317,15714.511763,15499.054114
2019-08-22,39716.439506,33716.951475,67897.592322,36468.426869,19741.118619,20918.324827,15193.697005,11486.899651,15764.721706,15554.296961
2019-08-23,40631.933894,33676.669576,68421.122848,36897.738771,19648.813901,20877.676399,15101.813469,11526.106487,15686.590034,15598.695694
2019-08-26,40850.048363,33271.112349,67486.616972,36219.792002,19410.127095,20602.30627,14920.109643,11352.918723,15475.049594,15566.786921
2019-08-27,41453.391791,33755.190265,67950.371265,36758.292363,19954.121242,20825.198789,15259.168113,11637.370835,15739.236365,16030.773226
2019-08-28,40944.735251,33445.50212,67541.861514,36853.085221,19907.357964,20778.895118,15329.100079,11670.671349,15799.88249,16135.02525
2019-08-29,40869.843927,33716.840121,67294.642489,37142.988615,20167.986336,20470.947222,15411.561786,11578.923205,15716.906476,16021.6434
2019-08-30,40704.584589,33379.541464,67336.573884,37938.634728,19863.360861,20292.284203,15219.794634,11779.92012,15725.585153,15939.302073
2019-09-02,41405.19259,34501.709776,67644.612006,37976.321208,20709.176783,20496.428389,15754.663832,12085.089112,16155.110579,16065.06027
2019-09-03,41166.514029,35635.25487,67661.142156,37859.045178,20925.614917,20359.202156,15883.998475,12103.615057,16188.167643,15958.823057
2019-09-04,41131.886423,35861.915263,68901.553981,37693.322233,21128.702316,20874.304991,16018.599849,12246.96966,16342.508497,15979.219222
2019-09-05,41223.634643,36359.700949,69645.281536,38025.937024,21589.837571,20907.362038,16153.216555,12192.744624,16446.947513,16186.457983
2019-09-06,41517.809625,36591.684366,69990.587677,38032.523341,21787.654108,20951.920929,16243.524839,12224.670021,16502.55317,16530.318647
2019-09-09,41749.345558,38027.388987,69867.84174,38035.863875,22755.290761,21205.647249,16666.999712,12318.54251,16928.049609,16711.709561
2019-09-10,42200.741218,37476.709207,69620.546947,37858.348322,22569.048766,21173.048344,16608.209857,12317.26932,16962.934857,16563.550796
2019-09-11,41519.678299,37236.388468,70166.108025,36416.768899,22225.657148,21117.013704,16521.816402,12220.437272,16882.44323,16530.46971
2019-09-12,41621.957405,37292.295923,70422.664729,37031.756872,22389.202096,21529.049402,16582.515265,12368.530981,17016.035806,16611.966732
2019-09-16,41732.995189,37661.335238,70148.943974,36953.044587,22663.964883,21432.97845,16670.54573,12303.571587,17006.445993,16650.666071
2019-09-17,41132.663927,36843.466473,69572.759723,36727.79158,22150.559208,21080.071699,16294.928735,12082.559321,16567.649408,16280.250899
2019-09-18,41488.064394,37054.738065,69540.835417,38028.221354,21990.638559,21264.634763,16372.09889,12160.063159,16539.167339,16278.643608
2019-09-19,41796.423325,37948.656035,69638.962278,37921.214945,22373.771329,21246.293572,16449.48369,12236.931943,16682.713724,16410.713487
2019-09-20,42094.067032,38311.93902,69899.803241,38213.712628,22410.277231,21227.753743,16403.071528,12205.645027,16741.397518,16411.758301
2019-09-23,41464.804287,38650.247173,69307.218395,37767.91996,22366.61139,20877.17128,16332.306736,12108.647792,16616.104254,16278.246985
2019-09-24,41897.769947,38943.022832,69303.600986,38474.796307,22557.836781,20862.474734,16438.06745,12117.827416,16763.718735,16320.851393
2019-09-25,41413.798308,37462.127505,69461.502607,38319.921307,22071.655241,20694.931531,16105.094553,11953.434808,16459.480703,16013.774554
2019-09-26,40691.979919,36130.541128,70373.058458,37919.942218,21116.495588,20587.30803,15741.283803,11878.838377,16066.434392,15735.888662
2019-09-27,40843.301034,37051.647791,70356.092786,37953.018466,21355.15497,20642.683728,15910.545266,11863.712348,16210.678397,15791.392793
2019-09-30,40638.046242,35904.634619,69741.189369,37446.186484,21052.690027,20560.902829,15668.083431,11814.889355,16044.426108,15713.636827
2019-10-08,40886.119395,35468.821731,70444.289175,37765.378562,20839.021675,20942.685344,15465.158367,12016.042843,16065.128432,15648.992463
2019-10-09,40770.353236,35667.766817,71081.660044,37449.450065,21063.893157,21313.797869,15535.659856,11956.952959,16201.378464,15677.885458
2019-10-10,41936.604798,36373.962269,71025.438998,37675.742808,21563.22452,21363.282862,15713.959268,12041.082231,16404.41296,15883.374851
2019-10-11,42062.217091,36346.064816,72255.290219,37938.566689,21561.608085,21502.393334,15822.767757,12147.051435,16337.093725,15928.625386
2019-10-14,42395.907462,37200.870771,73550.920768,38095.771573,22026.796535,21728.871447,16194.649119,12263.958479,16539.436237,16257.72301
2019-10-15,42292.05296,36312.022499,73679.174149,38650.279544,21384.054839,21605.087709,15985.337298,12244.496482,16330.473665,16048.692866
2019-10-16,42411.271311,36071.561437,73471.460057,37900.363778,21451.094956,21729.602133,15992.992938,12281.218264,16084.243266,15973.58635
2019-10-17,42453.971087,36306.398673,73337.65373,38065.389074,21496.909656,21606.83783,16118.142557,12190.421325,16005.834226,15959.729432
2019-10-18,42260.046115,35580.796611,72434.572518,37690.823863,21144.073417,21231.130609,15968.751154,12082.882648,15773.033278,15745.002647
2019-10-21,41650.504367,35565.119721,73394.880979,37594.779281,21047.948961,21538.766433,15836.632422,12184.257621,15702.501972,15618.547695
2019-10-22,42221.332642,36304.705153,73292.347646,37808.480783,21565.013841,21600.716994,15962.019623,12309.774489,15860.502982,15887.939024
2019-10-23,41582.340206,36294.60803,73497.58879,37375.41992,21334.108708,21338.764835,16025.458096,12252.141357,15807.866226,15800.128314
2019-10-24,41272.746257,36262.91616,74217.444682,36860.499013,21240.659801,21450.401734,16050.560219,12193.944855,15814.748964,15809.206872
2019-10-25,41744.834053,36840.073665,74241.181473,37513.590233,21381.599151,21580.78765,16161.973856,12166.869929,15894.789224,15929.704519
2019-10-28,42303.436921,37491.03857,73779.707439,37948.40155,22645.138843,21515.895438,16632.035835,12202.164271,16121.346753,16148.78542
2019-10-29,42357.786071,36730.369025,73491.145076,38412.44681,21963.303068,21326.25489,16427.835228,12330.62988,15884.613697,15986.925966
2019-10-30,41998.97276,36856.890785,73379.477086,38177.042612,21591.174377,21141.468753,16266.933216,12207.518455,15723.776125,15809.973274
2019-10-31,42219.726603,36327.641942,73079.468226,38265.325205,21197.368143,21003.642574,16134.996503,12380.122107,15616.506138,15708.220004
2019-11-01,42736.556424,36771.036289,74142.304132,38579.31229,21397.595594,21334.196111,16264.393667,13138.741645,15725.519826,15969.773542
2019-11-04,43362.568644,37619.485995,74277.764011,38903.656273,21628.023884,21309.500162,16227.055738,13234.135659,15760.999267,16017.186336
2019-11-05,43402.895606,38150.072226,75611.95816,39066.850194,21749.860007,21381.887592,16248.102262,13281.295693,15914.867018,16050.458332
2019-11-06,43112.523213,37856.510228,75916.935049,38731.349973,21426.951588,21186.04615,16026.35017,13254.962151,15893.26758,15975.429286
2019-11-07,43543.112063,37967.234673,75653.088827,38940.104497,21676.018414,21263.46945,16225.635077,13271.686013,15945.043773,16116.148015
2019-11-08,43408.988217,38294.331319,74680.633071,39076.514161,21667.911847,21140.78798,16195.236207,13241.230807,15924.65835,16172.084377
2019-11-11,42387.924135,37600.215541,73476.947207,38662.851171,21084.832604,20655.827765,15907.435431,12776.017947,15577.021647,15919.577806
2019-11-12,42579.780125,37550.784676,73659.905091,38793.218443,21060.245633,20679.778563,15941.175065,12594.895668,15592.655601,15931.513532
2019-11-13,42965.67418,38085.505701,73407.412359,39228.980931,21016.363464,20495.419095,15903.694831,12590.677158,15530.938002,15830.321884
2019-11-14,43406.296698,38805.064698,73062.401585,39375.274982,21342.15003,20509.751925,15948.321297,12658.405385,15601.976149,15836.622895
2019-11-15,43014.609483,38441.95231,73112.528803,39148.171102,21169.326627,20353.479071,15892.840668,12558.299104,15372.941734,15728.372596
2019-11-18,43405.293795,38390.402068,73763.739628,39200.671395,21344.254183,20485.751763,16056.855325,12605.101044,15613.03454,15794.830475
2019-11-19,44246.472609,39067.452488,73876.16308,39462.850962,21768.366256,20784.619374,16721.797002,12804.138218,15962.223304,15977.60611
2019-11-20,44194.692025,38602.350476,72901.835744,39521.025323,21674.249879,20638.967545,16655.600193,12653.215239,15794.808933,15848.618616
2019-11-21,43672.740359,38728.291846,72653.375884,39346.215143,21610.426948,20619.251592,16634.151548,12491.922835,15866.486236,15804.234187
2019-11-22,42300.290769,37854.440906,72432.05297,38309.813114,21211.313089,20582.64149,16309.349739,12368.954804,15895.10231,15733.083113
2019-11-25,41910.939736,36841.405234,73393.057044,38104.857676,20652.384963,21073.298468,16094.273713,12467.609939,15918.319075,15934.740252
2019-11-26,42166.987834,37361.390466,73221.68632,38390.455362,20675.148061,20970.589416,16160.061672,12498.681559,16047.258712,15991.453111
2019-11-27,41897.705754,38088.799441,73302.324398,38388.952476,20640.857198,20873.054597,16052.120497,12287.205021,15971.128209,15941.337172
2019-11-28,42007.583637,38050.421196,72966.080873,38123.251099,20535.575685,20696.703666,16032.044027,12345.38486,15946.938816,15810.765457
2019-11-29,41276.55639,38189.347539,72496.824345,37109.186913,20619.953785,20631.610719,16080.53166,12223.976633,16023.360741,15890.837973
2019-12-02,40844.515282,38658.106207,72548.244614,37136.271799,20698.663278,20917.280097,16198.136732,12253.246181,16061.647829,15948.416442
2019-12-03,40840.69575,39182.468198,73425.296883,36977.456212,20848.22699,21011.577623,16190.231984,12457.153573,16107.327782,16146.610886
2019-12-04,41029.05861,39117.311055,73061.458672,37065.630615,20862.950657,20928.818974,16226.771575,12625.293984,16033.392179,16085.19467
2019-12-05,41488.748108,39868.743303,73392.636171,37255.69477,21289.424444,21037.395943,16393.366582,12659.18327,16279.908243,16202.345973
2019-12-06,41774.363286,40406.568504,73366.336007,38133.105244,21456.640884,21126.037957,16694.755427,12748.735563,16415.918469,16140.232027
2019-12-09,41151.785823,40467.933004,73243.353664,37807.139211,21811.04669,21486.771437,16742.831579,12810.666877,16445.078723,16108.52621
2019-12-10,41454.025784,41179.750348,72932.980974,37860.960898,22062.258991,21472.975026,16904.143331,12860.806808,16432.382206,16198.985741
2019-12-11,41321.535442,40799.120732,73531.329908,37607.029139,21935.631235,21578.570425,16854.737109,12768.955409,16382.614774,16354.139701
2019-12-12,41412.767294,40932.021216,73382.455005,37260.455534,21934.529331,21426.178808,16747.218277,12752.396777,16328.694133,16320.44428
2019-12-13,42094.540352,41611.480227,74678.674164,37889.680954,22324.40079,21685.606297,16930.475868,13121.871873,16597.620569,16445.876144
2019-12-16,42359.483985,42823.985091,74424.868011,37672.370942,22945.18354,21964.408182,17324.800202,13174.98474,16852.35818,16647.123865
2019-12-17,42735.507645,43427.624857,79341.984222,38151.479263,23103.433914,22372.444107,17464.886001,13294.939663,17049.04928,16807.027711
2019-12-18,42311.77112,43433.343493,79442.218228,38110.06991,23068.922343,22305.404619,17768.155916,13314.656775,16972.703866,16795.605703
2019-12-19,42505.702898,42612.334815,79727.26057,37844.928136,23099.196686,22365.980412,17990.623357,13366.153052,17078.25987,16816.692084
2019-12-20,42108.880417,42234.264073,79807.770906,37683.314637,22544.808283,22542.30126,17743.872265,13316.758891,16879.409789,16830.281127
2019-12-23,41715.928487,41062.805422,79053.037374,37544.961694,21863.330888,22066.214875,17254.955261,13217.72054,16624.402265,16589.558149
2019-12-24,41901.473128,41950.711426,79244.292076,37676.804875,23630.384947,21998.746419,17637.052321,13348.375244,16996.817449,16789.45478
2019-12-25,41927.102751,42684.098411,78861.084038,37337.308223,23905.057072,21935.077358,17837.203979,13309.171455,17231.409088,16858.311109
2019-12-26,42194.772427,42709.828196,79420.737828,37440.958543,24223.150124,22454.91659,17949.032281,13456.019168,17286.617474,16888.659481
2019-12-27,41910.464816,41670.35719,79652.134672,37938.249547,23799.363189,22629.707938,17755.58127,13360.504349,17162.812071,16864.125538
2019-12-30,42076.81221,41782.352072,79651.669109,38727.040626,23947.715284,22976.034793,17876.218635,13540.997104,17431.06513,16878.595484
2019-12-31,43022.542935,41946.551274,79518.781048,38768.927791,24037.383624,23091.435148,17914.637281,13578.69038,17366.5233,17104.451339
